<?xml version="1.0" encoding="UTF-8"?>
<ak:adaptationPlan xmlns:ak="http://inter-trust.eu/schema/AspectualKnowledge/ak" xmlns:xsi="http://www.w3.org/2001/XMLSchema-instance" xsi:schemaLocation="http://inter-trust.eu/schema/AspectualKnowledge/ak AspectualKnowledge-schema.xsd ">
  <ak:instance id="user001"/>
  <ak:ADD>
  </ak:ADD>
  <ak:REMOVE>
  </ak:REMOVE>
  <ak:CONFIGURE>
    <ak:advisor advice-ref="a1" id="Authentication.certificate" name="Authentication.certificate" pointcut-ref="p1" type="AspectJ">
      <ak:configuration>
        <ak:description>Digital certificate parameters</ak:description>
        <ak:configurationParameters>
          <ak:parameter>
            <ak:name>CU</ak:name>
            <ak:value>UMA</ak:value>
          </ak:parameter>
        </ak:configurationParameters>
      </ak:configuration>
    </ak:advisor>
  </ak:CONFIGURE>
</ak:adaptationPlan>
