<sds xmlns="http://inter-trust.eu/schema/interpreter/sds">
    <deploy>
        <category id="http://inter-trust.eu/security/messagesecurity">
            <securityFeature id="cd764cff-25c7-4d77-8ef3-ebc8f064d916" type="http://inter-trust.eu/security/confidentiality">
                <target id="http://inter-trust.eu/csa/vehicle/camsender/camencoding"/>
                <functionality id="http://inter-trust.eu/security/confidentiality/encryption"/>
                <functionality id="http://inter-trust.eu/security/securemsgformat/etsi"/>
                <functionality id="http://inter-trust.eu/security/authentication/x509certificate"/>
                <functionality id="http://inter-trust.eu/security/algorithm/rsa"/>
                <functionality id="http://inter-trust.eu/security/padding/oaep_sha256_mgf1"/>
                <configuration>
                    <securityParameters>
                        <parameter name="padding">oaep_sha256_mgf1</parameter>
                        <parameter name="key-type">X509</parameter>
                        <parameter name="format">etsi</parameter>
                        <parameter name="key">CN=CENTRAL_ITS-S, OU=ITS, O=ROAD_OPERATOR, C=ES</parameter>
                        <parameter name="algorithm">RSA</parameter>
                    </securityParameters>
                </configuration>
            </securityFeature>
        </category>
    </deploy>
</sds>